{"cameraMode":{"drawMode":0,"name":"Shaded","section":"Shading Mode"},"sceneLighting":true,"audioPlay":false,"sceneViewState":{"showFog":true,"showMaterialUpdate":false,"showSkybox":true,"showFlares":true,"showImageEffects":true,"showParticleSystems":true},"in2DMode":false,"pivot":{"x":21.54458236694336,"y":9.658465385437012,"z":14.957210540771485},"rotation":{"x":0.07642560452222824,"y":0.0029911657329648735,"z":-0.0002281565684825182,"w":0.9970753788948059},"size":51.46334457397461,"orthographic":false}